Marca: Mitsubishi, Nissan Marca: Ford, Mazda, Mitsubishi,  Nissan
AC0A000003 AC0A000007
Modelo: L200, Montero, Nativa,  Modelo:  Ranger  -  BT50  -  L200  -    200SX, 
240SX, 350X, AD, Almera, Altima, Bluebird, 
Pajero, Triton - Frontier, NV200, 
Frontier, Juke, Maxima, NP300, Pathfinder, 
Pathfinder, Xterra Patrol, Primera, Pulsar, Sentra, Sunny, 
Ubicación: Caliper delantero Terrano, Tiida, Urvan, Versa, Wingroad
Grado SAE: Clase 10.9 Ubicación: Caliper posterior
Grado SAE: Clase 10.9
Dim.: Ø9.9 x 66 mm. c/pno. 
Dim.: Ø9.9 x 59 mm. c/pno. 
EMP.  EMP. 
CAJA P. V. CAJA P. V.
(uds.) (uds.)
10 250 PZA $2.28 10 PZA $1.77
Imagen referencial