Marca: Volvo, Renault Marca: Volkswagen, Agrale
AB4Q000008 AB4Q000009
Modelo: B7FB, FL(13-), VM - M/S,  Modelo: L80, 6.90, 7.90, 7.100, 
Midlum /II /DXi 5/7, D 7.110, 7.120, 8.100, 8.120, 8.140, 
Dim.: Ø16 x Ø52 x 95 mm. 8.150, 9.150, 11.130, 13.130 - 
Ubicación:  Hoja  de  muelle  Micro Volare A6
delantera Dim.: Ø16 x Ø53 x 90 mm.
Posición: Posterior Ubicación:  Hoja  de  muelle 
Dureza: Shore 70A  delantera
Dureza: Shore 70A 
EMP.  EMP. 
CAJA P. V. CAJA P. V.
(uds.) (uds.)
6 48 PZA $7.41 10 20 PZA $4.39
Imagen referencial