Índice www.dina.com.pe 137BUJE BARRA ESTAB. POLIURETANO
Marca: Hyundai, Kia Marca: Toyota
AB4H000108 AB4H000109
Modelo: Accent, Verna, Carens, Lotze,  Modelo: 4Runner, Carina, Celica, 
Optima, Magentis, Rio, Rondo Hilux, Lite, Townace, Masterace, Town
Dim.: Ø24 x Ø44 x 42 mm. Dim.: Ø25 x Ø34 x 36 mm.
Material: Poliuretano POLINAV Material: Poliuretano POLINAV
Color: Naranja Color: Naranja
Dureza: Shore 70A  Dureza: Shore 70A 
Ubicación:  Barra  estabilizadora  Ubicación:  Barra  estabilizadora 
delantera delantera
EMP.  EMP. 
CAJA P. V. CAJA P. V.
(uds.) (uds.)
10 PZA $3.71 10 PZA $2.34
Imagen referencial