Marca: Mercedes-Benz Marca: Volkswagen, Ford
AB4Q000014 AB4Q000015
Modelo: 709, 710, 712, 913, 914,  Modelo: 11.130, 11.140, 11.160, 
12.140, 12.170, 12.180, 13.150, 
914, 42-1114, Serie 
13.170, 13.180, 13.190, 14.150, 
L700/L900LO800/OF800
14.170, 14.180, 14.220, 15.170, 
Dim.: Ø19 x Ø30 x 87 mm.
15.180, 15.190 - Cargo
Ubicación:  Hoja  de  muelle  Dim.: Ø19 x Ø53 x 90 mm.
posterior Ubicación: Hoja de muelle delantera
Dureza: Shore 70A  Dureza: Shore 70A 
EMP.  EMP. 
CAJA P. V. CAJA P. V.
(uds.) (uds.)
10 PZA $1.33 4 20 PZA $8.38
Imagen referencial