Marca: Mercedes-Benz Marca: Volkswagen
AB4G000005 AB4G000006
Modelo: Atego, Econic, Serie  Modelo: L0,6.90, 7.90, 7.90S, 
O300/O400, Setra S200/300 7.100, 7.110, 7.110S, 7.120, 8.100, 
Dim.: Ø13 x Ø30 x 30 mm. 8.120, 8.140, 8.150, 9.150, 7.90S, 
Ubicación: Barra estabilizadora  7.110S, 8.140CO
delantera/posterior Dim.: Ø13 x Ø33 x 32 mm.
Posición: Inferior Ubicación: Barra estabilizadora 
Dureza: Shore 70A  delantera/posterior
Dureza: Shore 70A 
EMP.  EMP. 
CAJA P. V. CAJA P. V.
(uds.) (uds.)
20 100 PZA $1.17 20 60 PZA $1.42
Imagen referencial