Marca: Toyota, Nissan, Mazda, Isuzu Marca: Hyundai, Kia
AB4O000014 AB4O000015
Modelo: Townace, Liteace, Tacoma,  Modelo: H1, H100, Porter - 
Hilux, Hiace, Corolla, 4Runner - Xterra, 
Bongo, K2700, K2900
Navara, Frontier - E2000, Bongo - 
Dim.: Ø16 x Ø55 x 80 mm.
Rodeo, TFR -Dmax 
Ubicación:  Hoja  de  muelle 
Dim.: Ø15 x Ø40 x 70 mm. 
Ubicación: Hoja de muelle posterior delantera/posterior
Posición: Delantero/posterior Dureza: Shore 70A 
Dureza: Shore 70A 
EMP.  EMP. 
CAJA P. V. CAJA P. V.
(uds.) (uds.)
5 20 PZA $3.35 4 8 PZA $7.66
Imagen referencial