Índice www.dina.com.pe 199COJÍN(GOMA) DE MUELLE
Marca: Volvo, Renault Marca: Mercedes-Benz
AB6A000001 AB6A000002
Modelo: FL6, FL7, FM7, F10, F12/16,  Modelo: Actros, Antos, Arocs, 
FL10/12, N10/12,FH12(93-05), 
Axor, Atego, Econic
FH16(93-06), FM9(01-05), FM10, 
FM12(98-05), FH/FM(05-), FMX, NH12,  Dim.: 165 x 230 x 116 mm.
FL6(00-06), FE(06-13), FE(13-), VM - D,  Ubicación:  Suspensión  de  muelle 
Premium II, Kerax posterior
Dim.: 135 x 210 x 150 mm.
Dureza: Shore 70A 
Ubicación: Suspensión de muelle posterior
Dureza: Shore 70A 
EMP.  EMP. 
CAJA P. V. CAJA P. V.
(uds.) (uds.)
1 PZA $80.51 1 PZA $133.27
Imagen referencial