Marca: Toyota Marca: Toyota
AB4H000106 AB4H000107
Modelo: 4Runner, Cressida, Hilux,  Modelo: Datsun, Thunder, Fairlady, 
Land Cruiser, Land Cruiser Prado, Lite,  Hardbody, King Cab, Nissan Truck, 
Townace, Nadia, Town, Masterace NP300, Pickup
Dim.: Ø21 x Ø30 x 33 mm. Dim.: Ø23 x Ø32 x 39 mm.
Material: Poliuretano POLINAV Material: Poliuretano POLINAV
Color: Naranja Color: Naranja
Dureza: Shore 70A  Dureza: Shore 70A 
Ubicación:  Barra  estabilizadora  Ubicación:  Barra  estabilizadora 
delantera delantera
EMP.  EMP. 
CAJA P. V. CAJA P. V.
(uds.) (uds.)
10 PZA $1.94 10 PZA $2.95
Imagen referencial