Marca: Toyota Marca: Mercedes-Benz
AB4A000007 AB4A000003
Modelo: 4 Runner, Hilux, Hilux  Modelo: MB709, 710, 712, 912, 913, 914, 
L913, LO809, LO812, LO813D, LO814, 
Surf, Land Cruiser, Land Cruiser 
LO912, OF809, OF812, LO610, LO809, 
Prado, Tacoma LO812, LO813D, LO814, LO912, OF809, 
Dim.: Ø19 x Ø35 x 22  mm. OF812 
Ubicación:  Amortiguador  Dim.: Ø20 x Ø34 x 33 mm.
Ubicación:  Amortiguador 
posterior
delantero/posterior
Posición: Inferior
Posición: Inferior/superior
Dureza: Shore 70A  Dureza: Shore 70A 
EMP.  EMP. 
CAJA P. V. CAJA P. V.
(uds.) (uds.)
10 1000 PZA $2.08 20 40 PZA $0.73
Imagen referencial