184 @dinafastener ÍndiceBOCINA DE BARRA TENSORA
Marca: Scania, MAN Marca: Volvo, DAF, Man, Iveco
AB4I000001 AB4I000002
Modelo: Serie 4(94-08), Serie  Modelo: F10/12/16, FH12/16, 
FL7/10/12, FM7/9/12, NH12 - 65, 75, 
L/P/G/R/S/T - F/M/L 2000, F/M/G 
85, 95, CF, 
90, F 7/8/9
F1900/2100/2300/2500/2700/2800/2
Dim.: 67 x 145 x 19 mm.
900/3300/3600, XF95 - Lion Star, TGA
Ubicación: Barra tensora Dim.: 85 x 170 x 21 mm.
Dureza: Shore 70A  Ubicación: Barra tensora
Dureza: Shore 70A 
EMP.  EMP. 
CAJA P. V. CAJA P. V.
(uds.) (uds.)
1 8 PZA $22.95 1 8 PZA $47.86
Imagen referencial