116 @dinafastener ÍndicePERNO CALIPER
Marca: Nissan Marca: Nissan
AC0B000001 AC0A000010
Modelo: 350Z, 370Z, Altima,   Modelo: 350Z, 370Z, Altima,  
Frontier, Maxima, Murano,  Frontier, Maxima, Murano, 
Navara, NP300, Pathfinder,  Navara, NP300, Pathfinder, 
Qashqai, Serena, Skyline, Xterra Serena, Skyline
Ubicación: Caliper delantero Ubicación: Caliper delantero
Posición: Superior Posición: Inferior
Grado SAE: Clase 10.9 Grado SAE: Clase 10.9
Dim.: Ø10.8 x 65 mm. c/pno. Dim.: Ø10.8 x 65 mm. c/pno. 
EMP.  EMP. 
CAJA P. V. CAJA P. V.
(uds.) (uds.)
10 250 PZA $2.28 10 250 PZA $2.58
Imagen referencial