Marca: Mazda, Ford Marca: Nissan, Mazda
AB4O000110 AB4O000111
Modelo: BT-50, B2600, B2500, B2200,  Modelo: Vanette, Urvan, Caravan, 
B2000, B1800, Ranger, Everest E2500, E2200, E2000, Bongo
Dim.: Ø18 x Ø32 x 45 mm. Dim.: Ø18 x Ø33 x 39 mm.
Material: Poliuretano POLINAV Material: Poliuretano POLINAV
Color: Naranja Color: Naranja
Dureza: Shore 80A  Dureza: Shore 80A  
Ubicación: Muelle posterior Ubicación: Muelle posterior
EMP.  EMP. 
CAJA P. V. CAJA P. V.
(uds.) (uds.)
10 PZA $2.34 10 PZA $2.54
Imagen referencial