140 @dinafastener ÍndiceBUJE DE MUELLE POLIURETANO
Marca: Toyota Marca:  Toyota,  Nissan,  Mazda,  Isuzu, 
AB4O000100 AB4O000101
Modelo: Land Cruiser Chevrolet
Dim.: Ø14 x Ø40 x 41 mm. Modelo:T own,  Tacoma,  T100,  Liteace,  Hilux, 
Material: Poliuretano POLINAV Hiace, Corolla, 4Runner, Xterra, Navara, Frontier, 
Color: Naranja Bongo, Rodeo, D-Max, LUV, Alterra
Dim.: Ø14 x Ø40 x 69 mm.
Dureza: Shore 80A 
Material: Poliuretano POLINAV
Ubicación: Muelle posterior
Color: Naranja
Dureza: Shore 80A 
Ubicación:  Muelle 
delantero/posterior
EMP.  EMP. 
CAJA P. V. CAJA P. V.
(uds.) (uds.)
10 PZA $4.11 10 PZA $19.33
Imagen referencial