Marca: Mazda,  Mitsubishi, Ford,  Marca: Nissan, Isuzu
AB4P000102 AB4P000103
Nissan Modelo: Urvan, Caravan, Como
Modelo: BT-50, Titan,  E2200, E2500,  Dim.: Ø19 x Ø36 x 39 mm.
B1800, B2000, B2200, B2500, B2600,  Material: Poliuretano POLINAV
Bongo, Delica, Vanette, Everest, Ranger Color: Naranja
Dim.: Ø19 x Ø33 x 37 mm. Dureza: Shore 80A 
Material: Poliuretano POLINAV Ubicación: Muelle posterior
Color: Naranja
Dureza: Shore 80A 
Ubicación: Muelle posterior
EMP.  EMP. 
CAJA P. V. CAJA P. V.
(uds.) (uds.)
10 PZA $2.30 10 PZA $3.99
Imagen referencial