Índice www.dina.com.pe 117PERNO CALIPER
Marca: Kia Marca: Hyundai, Kia, SsangYong
AC0A000013 AC0A000011
Modelo: Carnival, Sedona,  Modelo: Accent, Coupe, Elantra, H1, 
I10, I20, Lantra, Lavita, Santa Fe, 
Sorento
Sonata, Terracan, Tucson/Carens, 
Ubicación: Caliper delantero
Cerato, Optima, Sorento, Soul, 
Posición: Superior
Sportage/Actyon, Kyron.
Grado SAE: Clase 10.9 Ubicación: Caliper delantero
Dim.: Ø12 x 75 mm. c/pno.  Grado SAE: Clase 10.9
Dim.: Ø10 x 72 mm. c/pno. 
EMP.  EMP. 
CAJA P. V. CAJA P. V.
(uds.) (uds.)
10 250 PZA $3.42 10 250 PZA $2.19
Imagen referencial