Marca: Mercedes-Benz Marca: Mercedes-Benz
AB4G000007 AB4G000008
Modelo: L80, 6.90, 7.90, 7.100,  Modelo: Serie 
7.110, 7.120, 8.100, 8.120, 8.140,  O100/O300/O400/O500
8.150, 9.150, 7.90S, 7.110S, 8.140,  Dim.: Ø14 x Ø54 x 42 mm.
8.150, 9.150 Ubicación: Barra estabilizadora 
Dim.: Ø14 x Ø42 x 51 mm. delantera/posterior
Ubicación: Barra estabilizadora  Dureza: Shore 70A 
delantera/posterior
Dureza: Shore 70A 
EMP.  EMP. 
CAJA P. V. CAJA P. V.
(uds.) (uds.)
20 80 PZA $3.02 20 200 PZA $2.62
Imagen referencial