Marca: Toyota Marca:  Toyota,  Nissan,  Mazda,  Isuzu, 
AB4O000102 AB4O000103
Modelo: Land Cruiser Chevrolet
Dim.: Ø15 x Ø25 x 44 mm. Modelo:T own,  Tacoma,  T100,  Liteace,  Hilux, 
Material: Poliuretano POLINAV Hiace, Corolla, 4Runner, Xterra, Navara, Frontier, 
Color: Naranja Bongo, Rodeo, D-Max, LUV, Alterra
Dim.: Ø15 x Ø47 x 69 mm.
Dureza: Shore 80A 
Material: Poliuretano POLINAV
Ubicación: Muelle posterior
Color: Naranja
Dureza: Shore 80A 
Ubicación:  Muelle 
delantero/posterior
EMP.  EMP. 
CAJA P. V. CAJA P. V.
(uds.) (uds.)
10 PZA $1.58 10 PZA $15.02
Imagen referencial