Marca: Mitsubishi, Hyundai Marca: Mitsubishi, Hyundai
AB4O000104 AB4O000105
Modelo:  Triton,  Strada,  Pajero,  Modelo:  Triton,  Strada,  Pajero, 
Montero, Nativa, L400, L300, L200,  Montero, Nativa, L400, L300, L200, 
Delica, Porter, Galloper Delica, Porter, Galloper
Dim.: Ø16 x Ø28 x 42 mm. Dim.: Ø16 x Ø28 x 50 mm.
Material: Poliuretano POLINAV Material: Poliuretano POLINAV
Color: Naranja Color: Naranja
Dureza: Shore 80A  Dureza: Shore 80A 
Ubicación:  Muelle  Ubicación:  Muelle 
delantero/posterior delantero/posterior
EMP.  EMP. 
CAJA P. V. CAJA P. V.
(uds.) (uds.)
10 PZA $1.94 10 PZA $1.94
Imagen referencial