Índice www.dina.com.pe 143BUJE DE MUELLE POLIURETANO
Marca: Hyundai, Mitsubishi Marca: Hyundai, Mitsubishi
AB4P000100 AB4P000101
Modelo: Grace, H1, Starex, H100,  Modelo: Grace, H1, Starex, H100, 
Porter,  Galloper,  Delica,  L200,  L300,  Porter,  Galloper,  Delica,  L200,  L300, 
Montero,  Nativa,  Pajero,  Strada,  Montero,  Nativa,  Pajero,  Strada, 
Triton Triton
Dim.: Ø16 x Ø27 x 57 mm. Dim.: Ø17 x Ø27 x 48 mm.
Material: Poliuretano POLINAV Material: Poliuretano POLINAV
Color: Naranja Color: Naranja
Dureza: Shore 80A  Dureza: Shore 80A 
Ubicación: Muelle posterior Ubicación: Muelle posterior
EMP.  EMP. 
CAJA P. V. CAJA P. V.
(uds.) (uds.)
10 PZA $1.94 10 PZA $1.94
Imagen referencial