Marca: Volvo Marca: Mercedes-Benz
AB4G000021 AB4G000022
Modelo: B9S, B12, B10, B10M,  Modelo: Actros, Antos, Arocs, 
B12, B7, FL608/615, FL616/619,  Axor, Atego, Econic
FL6, FL7, FM7, FS7,F10, F12, F16,  Dim.: Ø58 x Ø87 x 57 mm.
FL10/12, FL6, FE Ubicación: Barra estabilizadora 
Dim.: Ø58 x Ø97 x 13 mm. posterior
Ubicación: Barra estabilizadora  Dureza: Shore 70A 
delantero/posterior
Dureza: Shore 70A 
EMP.  EMP. 
CAJA P. V. CAJA P. V.
(uds.) (uds.)
1 6 PZA $19.05 2 30 PZA $4.76
Imagen referencial