Marca: Toyota Marca: Toyota
AC0A000012 AC0B000003
Modelo: Auris, Camry, Corolla,  Modelo: Auris, Camry, Corolla, 
Highlander, Prius, Rav4,  Urban  Highlander,P  rius, Probox, Rav4, 
Cruiser, Vitz, Yaris Sienna, Urban Cruiser, Vitz, Yaris
Ubicación: Caliper delantero Ubicación: Caliper delantero
Grado SAE: Clase 10.9 Grado SAE: Clase 10.9
Dim.: Ø10.8 x 77 mm c/pno. Dim.: Ø 10.8 x 70 mm. c/pno.
EMP.  EMP. 
CAJA P. V. CAJA P. V.
(uds.) (uds.)
10 250 PZA $2.12 10 300 PZA $2.12
Imagen referencial