Índice www.dina.com.pe 177BOCINA DE BARRA ESTABILIZADORA
Marca: Mercedes-Benz Marca: Mercedes-Benz
AB4G000001 AB4G000002
Modelo: 912, 913, 914, 914C,  Modelo: Serie L608, L708
915E, 712E, L913D, 1114, LO712,  Dim.: Ø12 x Ø32 x 30 mm.
LO812, LO814, LO813D, LO914,  Ubicación: Barra estabilizadora
LO915, LO809, OF809, OF812 Dureza: Shore 70A 
Dim.: Ø12 x Ø30 x 30 mm.
Ubicación: Barra estabilizadora 
delantera/posterior
Dureza: Shore 70A 
EMP.  EMP. 
CAJA P. V. CAJA P. V.
(uds.) (uds.)
30 120 PZA $2.27 10 30 PZA $1.30
Imagen referencial