Marca: Nissan Marca: Nissan, Renault, Suzuki. 
AC0C000003 AC0C000004
Modelo: AD, Bluebird, Cube,  Modelo: 350Z, 370Z, Altima, Bluebird, 
Cube, Juke, Maxima, Murano, Pathfinder, 
March, Tiida, Versa, Wingroad
Pulsar, Qashqai, Sentra, Skyline, Teana, 
Ubicación: Caliper delantero Tiida, Xtrail - Koleos - Grand Vitara
Grado SAE: Clase 10.9 Ubicación: Caliper posterior
Dim.: Ø9.9 x 83 mm. c/rca. Posición: L/R
Grado SAE: Clase 10.9
Dim.: Ø8.4 x 81 mm. c/rca.
EMP.  EMP. 
CAJA P. V. CAJA P. V.
(uds.) (uds.)
10 250 PZA $2.14 10 250 PZA $1.96
Imagen referencial