Marca: Volvo, DAF, Scania Marca: Volvo, Scania, Renault, 
AB4I000004 AB4S000001
Modelo: F12, FH16, FL10/12,  Mercedes-Benz, MAN, DAF
NH12 - 65, 75, 85, 95, CF,  Modelo: B7, F10/12/16, FH12/16, 
F2100/2300/2500/2700/2800/290 FL10/12, FL6/7, FM7/9/10/12, NH12 - 
Serie 4, P, G, R, T - Kerax - Serie O400 - 
0/3200/3300/3600, N2800, SB, 
E2000, F2000, F90, M2000, M90, TGA, 
XF105/95
TGS, TGX - 75/85/95/CF/XF
Dim.: 95 x 196 x 21 mm.
Dim.: 75 x 148 x 17 mm.
Ubicación: Barra tensora
Ubicación: Barra tensora
Dureza: Shore 70A 
Dureza: Shore 70A 
EMP.  EMP. 
CAJA P. V. CAJA P. V.
(uds.) (uds.)
1 4 PZA $46.22 1 4 PZA $28.66
Imagen referencial