Índice www.dina.com.pe 115PERNO CALIPER
Marca: Mitsubishi, Nissan Marca: Mitsubishi.
AC0C000007 AC0C000001
Modelo: ASX, Galant, Lancer,  Modelo: ASX, Colt, Lancer, 
Outlander - AD, Bluebird, Cube,  Mirage, Montero, Outlander, 
March, Tiida, Versa, Wingroad Pajero
Ubicación: Caliper posterior Ubicación: Caliper delantero
Posición: Superior Posición: Inferior
Grado SAE: Clase 10.9 Grado SAE: Clase 10.9
Dim.: Ø9.8 x 81 mm. c/rca. Dim.: Ø9.8 x 87 mm. c/rca.
EMP.  EMP. 
CAJA P. V. CAJA P. V.
(uds.) (uds.)
10 250 PZA $1.96 10 250 PZA $2.14
Imagen referencial