Marca: Isuzu, Mitsubishi, Nissan Marca: Isuzu, Mitsubishi, Nissan
AB4O000120 AB4O000121
Modelo: ELF, ELF150, ELF250, Canter,  Modelo: ELF, ELF150, ELF250, Canter, 
Rosa, Rosa, Atlas, Condor Rosa, Rosa, Atlas, Condor
Dim.: Ø22 x Ø40 x 45 mm. Dim.: Ø22 x Ø43 x 42 mm.
Material: Poliuretano POLINAV Material: Poliuretano POLINAV
Color: Naranja Color: Naranja
Dureza: Shore 80A  Dureza: Shore 80A 
Ubicación:  Muelle  Ubicación:  Muelle 
delantero/posterior delantero/posterior
EMP.  EMP. 
CAJA P. V. CAJA P. V.
(uds.) (uds.)
10 PZA $3.91 10 PZA $4.44
Imagen referencial